{
    "Seed": 67.5,
    "Yield": {
        "DM": 1696.6,
        "MKT": 1996.0
    },
    "FarmingPeriod": "00:00:00",
    "Crop": {
        "Characteristic": {
            "Name": "Soybeans",
            "RootDepth": 0.6
        }
    },
    "Field": {
        "Land": {
            "Area": 0.0,
            "Sp": "C1",
            "Country": "France",
            "Latitude": "45.223179",
            "Longitude": "2.71654",
            "Slope": 0.0359724492639887,
            "SlopeLength": 0.762758215881621,
            "Soil": {
                "PhH2O": 6.34948564697713,
                "Clay": 0.217935044679069,
                "Sand": 0.445530816722808,
                "Nitrogen": 0.0126368989626372,
                "Phosphorus": 0.460235742132266,
                "OrganicCarbon": 0.0129793670674146,
                "DrainageClass": 2.14548810278091,
                "LossToAquatics": 0.174139678904055,
                "Erodibility": 0.0328432479940378
            },
            "Weather": {
                "Precipitation": 870.06944139919,
                "Temperature": 10.9196452639063,
                "WinterTypeCorrection": 1,
                "EcoClimZone": {
                    "Value": 1
                }
            }
        }
    },
    "Activities": {
        "Irrigation": {
            "Type": "-",
            "AmountApplied": 1750.0,
            "EnergyUse": {
                "Fuel": 0.0,
                "Electricity": 265.25
            }
        },
        "Fertilizers": {
            "Organic": {
                "Nitrogen": 0.0,
                "TotalAmmonicalNitorgen": 100.0,
                "Phosphorus": 0.0,
                "Pottasium": 27.5,
                "NComposition": {
                    "LiquidOrSlurry": 0.0,
                    "Solid": 0.0,
                    "Compost": 0.0,
                    "GreenManure": 0.0
                },
                "TANComposition": {
                    "LiquidOrSlurry": 0.0,
                    "Solid": 1.0,
                    "Compost": 0.0,
                    "GreenManure": 0.0
                }
            },
            "Synthetic": {
                "Nitrogen": 29.0,
                "Phosphorus": 0.0,
                "Pottasium": 0.0,
                "Composition": {
                    "AS": 1.0
                }
            },
            "Excreta": {
                "Nitrogen": 0.0,
                "TotalAmmonicalNitrogen": 0.0,
                "Phosphorus": 0.0
            },
            "Lime": 0.0,
            "Dolomite": 0.0
        },
        "Pesticides": {
            "Amount": 0.0,
            "Pest1": {
                "Name": "-",
                "Percentage": null
            },
            "Pest2": {
                "Name": "-",
                "Percentage": null
            },
            "Pest3": {
                "Name": "-",
                "Percentage": null
            }
        },
        "ResidueManagement": {
            "Residue": {
                "Removed": 0.0,
                "Burnt": 0.024,
                "BurntDM": 70.268112,
                "AboveGround": 2857.569888,
                "BelowGround": 878.64322,
                "Amount": 29.889704864
            },
            "Type": "Full Tillage"
        },
        "LandManagement": {
            "CultivationDuration": 1.0,
            "FallowAllocation": 1.102
        },
        "Processing": {
            "EnergyUse": {
                "Fuel": 0.0,
                "Electricity": 265.25
            }
        }
    },
    "Machinery": {
        "Energy": {
            "Fuel": 86.0981308411215
        },
        "Amount": 7.5,
        "Plastic": 0.0
    }
}